STT,lat,long,Địa điểm tại Xã,,Ghi chú
Lộ Pá Chiến – Mường La,,,,,
1,21.50163008,104.0350342,Bản Tìn Thị Trấn Ít Ong,Mường La,
2,21.49876497,104.0388099,,,
3,21.49923434,104.0425873,,,
4,21.4974355,104.0437573,,,
5,21.49261408,104.0467734,,,
6,21.49524134,104.0460205,,,
7,21.47952785,104.0441751,,,
8,21.4816334,104.0477801,,,
9,21.4828013,104.0497021,Xã Chiềng San,,
10,21.48584739,104.0495396,,,
11,21.48749961,104.0492928,,,
12,21.48968591,104.0483057,,,
13,21.49844397,104.0335778,,,
Lộ 177 Sơn La – Pá Chiến,,,,,
1,21.25653479,104.0637208,Xã Mường Bằng,Mai Sơn,
2,21.2821369,104.0855507,,,
3,21.2572165,104.061985,,,
4,21.25836077,104.0586444,,,
5,21.25992367,104.0567172,,,
6,21.2616123,104.0547091,,,
7,21.28731003,104.0881473,,,
8,21.3134569,104.1175926,Xã Mường Bằng,Mai Sơn,
9,21.31512106,104.1180754,,,
10,21.31904902,104.1192126,,,
11,21.32182251,104.1199583,,,
12,21.32289691,104.120838,,,
13,21.32501072,104.1226029,,,
14,21.31268228,104.1160852,,,
15,21.2679072,104.0532289,,,
16,21.2683652,104.0541124,,,
17,21.2694301,104.0561864,,,
18,21.2699781,104.0572079,,,
19,21.29283317,104.0898371,,,
20,21.29621193,104.0940428,,,
21,21.29886412,104.097351,,,
22,21.29963079,104.0981066,,,
23,21.30194207,104.1012034,Xã Chiềng Sung,,
24,21.30442859,104.1042995,,,
25,21.30701393,104.1076199,,,
26,21.30939635,104.110651,,,
27,21.31097061,104.1125822,,,
28,21.31131044,104.1133171,,,
29,21.32680467,104.1222864,,,
30,21.32769915,104.1224688,,,
31,21.32946309,104.1220558,Xã Chiềng Sung,Mai Sơn,
32,21.33080727,104.1218144,,,
33,21.33292096,104.1215408,,,
34,21.3341152,104.1214496,,,
35,21.33532943,104.1191268,,,
36,21.33602398,104.1178983,,,
37,21.3373631,104.117201,,,
38,21.3397715,104.1139233,Xã Mường Chùm,Mường La,
39,21.34069587,104.1126734,,,
40,21.34251037,104.1103012,,,
41,21.34445826,104.1076662,,,
42,21.4002332,104.0555263,,,
43,21.40099237,104.0546411,,,
44,21.40367441,104.0520287,,,
45,21.40437863,104.0513849,,,
46,21.40628649,104.0492231,,,
47,21.4082992,104.0469915,,,
48,21.41089121,104.0440571,,,
49,21.41298876,104.0421152,,,
50,21.41259422,104.0422279,,,
51,21.41342824,104.0417129,,,
52,21.41538592,104.0395778,,,
53,21.41659947,104.0382099,,,
54,21.37590015,104.0781212,Xã Mường Chùm,Mường La,
55,21.37739627,104.0767479,,,
56,21.38041342,104.0746826,,,
57,21.38410236,104.0722418,,,
58,21.38629064,104.0711217,,,
59,21.38905743,104.0696669,,,
60,21.39053593,104.0689588,,,
61,21.39170223,104.0683258,,,
62,21.39425209,104.066062,,,
63,21.39631741,104.0640289,,,
64,21.39817542,104.0603542,,,
65,21.4212847,104.0333128,,,
66,21.42503161,104.0338862,,,
67,21.42710398,104.0374589,,,
68,21.42641486,104.0353882,,,
69,21.43021999,104.04248,,,
70,21.4313989,104.0435966,,,
71,21.44784506,104.0481889,,,
72,21.45090371,104.0485247,,,
73,21.45263676,104.0478445,,,
74,21.44189192,104.0474528,,,
75,21.439635,104.0460956,,,
76,21.2641051,104.0516932,,,
77,21.26521762,104.0503215,Xã Mường Chùm,Mường La,
78,21.26585239,104.0496692,,,
79,21.26598375,104.0494722,,,
80,21.2785096,104.0706636,,,
81,21.2768786,104.0682425,,,
82,21.2753563,104.0658459,,,
83,21.2734004,104.0629611,,,
84,21.2722506,104.0610929,,,
85,21.27091432,104.0590239,,,
86,21.2807539,104.0749255,Xã Mường Bú,,
87,21.2800048,104.07908,,,
88,21.3520619,104.0994646,,,
89,21.3512629,104.0997203,,,
90,21.3709383,104.0824397,,,
91,21.3714321,104.0820388,,,
92,21.368549,104.0835476,,,
93,21.3641465,104.085664,,,
94,21.3658997,104.0848156,,,
95,21.3623896,104.0880415,,,
96,21.3607137,104.0903893,,,
97,21.358834,104.0930495,,,
98,21.3573397,104.0951681,,,
99,21.35625694,104.0965748,,,
100,21.3553953,104.0978944,Xã Mường Bú,Mường La,
101,21.3545807,104.0990563,,,
102,21.3539589,104.0999636,Xã Tạ Bú,,
103,21.3504456,104.1000524,,,
104,21.34760131,104.1028149,,,
105,21.3466139,104.1036897,,,
106,21.34567989,104.1052866,,,
107,21.338651,104.1154055,,,
108,21.3925553,104.0678492,,,
109,21.4584335,104.049082,,,
110,21.4594152,104.0483608,,,
111,21.4618811,104.0467249,Xã Chiềng San,Mường La,
112,21.46255518,104.0463423,,,
113,21.4667183,104.0440404,,,
114,21.472365,104.0430508,,,
115,21.4728769,104.0431104,,,
116,21.4738597,104.043254,,,
Lộ 175 Sơn La – Suối Lừm,,,,,
1,21.29900675,104.0864118,Xã Mường Bằng,Mai Sơn,
2,21.32501821,104.1180628,,,
3,21.32710887,104.1179772,Xã Mường Bằng,,
4,21.32885342,104.1177701,,,
5,21.33055162,104.117725,,,
6,21.33408272,104.1200924,,,
7,21.33420265,104.1211009,,,
8,21.33416306,104.1213993,,,
9,21.33415637,104.1215212,,,
10,21.33409022,104.1216642,,,
11,21.33398529,104.1221362,,,
12,21.3130897,104.1110922,,,
13,21.31617548,104.1110847,,,
14,21.31688266,104.1133118,,,
15,21.31944131,104.1146851,,,
16,21.32096431,104.1146134,,,
17,21.29883841,104.0861624,,,
18,21.29333322,104.0785988,,,
19,21.29402267,104.0793519,,,
20,21.29641446,104.0820098,,,
21,21.29834131,104.084167,,,
22,21.29928823,104.0881663,,,
23,21.29859632,104.0918322,,,
24,21.29897751,104.0954039,Xã Chiềng San,,
25,21.30038779,104.0973204,,,
26,21.30270183,104.1003245,,,
27,21.3066701,104.105587,,,
28,21.30608751,104.1048376,,,
29,21.30823885,104.1062676,,,
30,21.30898904,104.108516,,,
31,21.25648409,104.06353,,,
32,21.25824388,104.0582407,,,
33,21.26007865,104.0560842,,,
34,21.26129849,104.0546089,,,
35,21.26397309,104.0515298,,,
36,21.26492293,104.0499794,,,
37,21.26554283,104.0490729,Xã Chiềng San,,
38,21.26591276,104.0491265,,,
39,21.26820735,104.0492284,,,
40,21.26892721,104.0507412,,,
41,21.26910718,104.0512884,Xã Mường Chùm,Mường La,
42,21.2709968,104.0515298,,,
43,21.27384119,104.0518355,,,
44,21.27444605,104.0539598,,,
45,21.27499592,104.0567118,,,
46,21.27538583,104.0587074,,,
47,21.2771454,104.0599251,,,
48,21.27959977,104.0615129,,,
49,21.28158423,104.0654397,,,
50,21.28621787,104.0701443,,,
51,21.26353367,104.0519893,,,
52,21.3349991,104.1277767,,,
53,21.33692339,104.1322267,,,
54,21.33743805,104.1334605,Xã chiềng Chăn,Mai Sơn,
55,21.3381341,104.1352992,,,
56,21.33888709,104.1367275,,,
57,21.33956414,104.1381276,,,
58,21.3343355,104.1244256,,,
59,21.28855213,104.0733683,,,
60,21.34295681,104.144125,,,
61,21.34306673,104.1517639,,,
62,21.3419643,104.1542062,,,
63,21.3408636,104.1567384,,,
64,21.34037858,104.1609049,,,
65,21.34214985,104.1647747,,,
66,21.3447864,104.1727373,Xã Pắc Ngà,Bắc Yên,
67,21.34809064,104.1757965,,,
68,21.35027153,104.1807532,,,
Lộ Suối Lừm – Nậm Hồng,,,,,
1,21.38704455,104.1666046,Xã Pắc Ngà,Bắc Yên,
2,21.37659625,104.1717979,Xã Pắc Ngà,Bắc Yên,
3,21.37801338,104.1708179,,,
4,21.37309284,104.1742417,,,
5,21.35273967,104.1799164,,,
6,21.35211954,104.1793948,Xã Chiềng Hoa,Mường La,
7,21.39217674,104.167133,,,
8,21.38454942,104.1663283,,,
9,21.38383013,104.1667736,,,
10,21.380193,104.1692723,,,
11,21.36899885,104.1771644,,,
12,21.36242945,104.1817886,,,
13,21.35980161,104.1835964,,,
14,21.35459574,104.1809249,,,
15,21.458029,104.1944395,,,
16,21.45727004,104.1949521,,,
17,21.45559838,104.195513,,,
18,21.45336654,104.1918126,,,
19,21.44357135,104.1804024,,,
20,21.43027642,104.1721137,,,
21,21.43185124,104.17346,,,
22,21.41467026,104.1638901,Xã Chiềng Công,Mường La,
23,21.41315357,104.1644722,,,
24,21.40559798,104.1674998,,,
25,21.40365956,104.1683056,,,
26,21.39664172,104.167659,,,
27,21.45180296,104.1850394,,,
28,21.44773877,104.1828883,,,
29,21.43441304,104.1749292,,,
30,21.42767914,104.1698018,,,
31,21.42602347,104.1684013,,,
32,21.42339782,104.1618684,,,
33,21.42012954,104.1616726,,,
Lộ 173 Sơn La – 176 Sơn La,,,,,
1,21.28174167,103.9941567,Xã Mường Bằng,Mai Sơn,
2,21.28285807,103.9938287,Xã Mường Bằng,Mai Sơn,
3,21.28113686,103.9948654,,,
4,21.28645529,103.9934921,,,
5,21.28490577,103.9927197,,,
6,21.28714365,103.9925556,,,
7,21.28829471,103.9918613,,,
8,21.29248263,103.9902109,,,
9,21.29635188,103.9884281,,,
10,21.29822424,103.9866243,,,
11,21.29863099,103.9834929,,,
12,21.29746865,103.9818589,,,
13,21.2620937,104.0421285,,,
14,21.2627465,104.0406537,,,
15,21.2637355,104.0383827,,,
16,21.26541535,104.0359998,,,
17,21.26744249,104.0332586,,,
18,21.26994701,104.0297502,,,
19,21.27318133,104.0252817,,,
20,21.2750909,104.0229535,,,
21,21.27633123,104.0213418,,,
22,21.27722541,104.020088,,,
23,21.27828408,104.0185612,Xã Chiềng Ngần,TP Sơn La,
24,21.25723856,104.0618516,,,
25,21.25657342,104.0637014,,,
26,21.25838802,104.0585967,,,
27,21.25996117,104.0567064,,,
28,21.26158268,104.0547159,,,
29,21.26412625,104.0516707,,,
30,21.26526492,104.0502942,,,
31,21.26582888,104.0496186,,,
32,21.26599775,104.0494591,,,
33,21.27992862,104.0164105,,,
34,21.28066167,103.9984283,,,
35,21.281275,104.00304,,,
36,21.28123167,104.0038367,Xã Chiềng Ngần,TP Sơn La,
37,21.28121,104.0050683,,,
38,21.28092167,104.0119217,,,
39,21.2915458,103.9676789,P. Chiềng Sinh,TP Sơn La,
40,21.28887202,103.9662516,,,
41,21.29532976,103.9682955,,,
42,21.29535475,103.9698136,,,
43,21.2952028,103.9725317,,,
44,21.2951189,103.9759202,,,
45,21.29514483,103.9779836,,,
Lộ 174 Sơn La – 172 Sơn La,,,,,
1,21.27378983,103.9859379,Xã Mường Bằng,Mai Sơn,
2,21.25715901,104.0465891,,,
3,21.27248186,103.9866771,,,
4,21.25789893,104.0582299,,,
5,21.2563041,104.063074,,,
6,21.25668406,104.061985,,,
7,21.27532196,103.9851285,,,
8,21.25760396,104.0528226,,,
9,21.25792392,104.0500116,,,
10,21.25819389,104.0473616,,,
11,21.25443429,104.0445292,,,
12,21.25246446,104.0429521,,,
13,21.23996994,104.0233237,,,
14,21.2396519,104.0217247,,,
15,21.2392667,104.0197242,,,
16,21.23889994,104.0177715,Xã Chiềng Mung,Mai Sơn,
17,21.239966,104.0160212,,,
18,21.2414197,104.0137217,,,
19,21.27663136,103.9844088,,,
20,21.27771776,103.9838362,,,
21,21.27839005,103.9828491,,,
22,21.27863752,103.9822054,,,
23,21.27955545,103.9805496,,,
24,21.28043205,103.9790618,Xã Chiềng Mung,Mai Sơn,
25,21.2818206,103.977418,,,
26,21.28296134,103.9762402,,,
27,21.28405602,103.9749527,,,
28,21.28516069,103.9736652,,,
29,21.28598294,103.9727533,,,
30,21.28694514,103.9716482,,,
31,21.28749497,103.9700603,,,
32,21.28807997,103.9680004,,,
33,21.28866959,103.9660478,P. Chiềng Sinh,TP Sơn La,
34,21.24993965,104.0410048,,,
35,21.24759978,104.0394115,,,
36,21.24542486,104.0364021,,,
37,21.24273493,104.033221,,,
38,21.24150494,104.0319818,,,
39,21.24174494,104.0319872,,,
40,21.255534,103.9979639,,,
41,21.2411259,104.0294679,,,
42,21.2402935,104.0251832,,,
43,21.2432215,104.0122196,,,
44,21.2465169,104.0095402,,,
45,21.24831048,104.008108,,,
46,21.2504919,104.0050008,,,
47,21.2516546,104.0024567,,,
48,21.25671261,103.9973952,,,
49,21.25839257,103.9965741,,,
50,21.259943,103.9957762,,,
51,21.26175592,103.9949191,,,
52,21.26356717,103.9940661,,,
53,21.26492543,103.9929342,,,
54,21.26605524,103.9920545,,,
55,21.2679349,103.9904559,,,
56,21.26863477,103.9898872,,,
57,21.26990452,103.9888144,,,
58,21.27118426,103.9877415,P. Chiềng Sinh ,TP Sơn La,
59,21.2495592,104.0071369,,,
60,21.2523427,104.0015769,,,
61,21.2534146,104.0004423,,,
62,21.2546786,103.9993072,,,
Lộ Sơn La – Thuận Châu – Tuần Giáo,,,,,
1,21.37037264,103.7999278,P. Chiềng Sinh,TP Sơn La,
2,21.5128706,103.6464654,,,
3,21.30896503,103.9171902,,,
4,21.35479152,103.8595685,,,
5,21.35132074,103.8641024,,,
6,21.34857279,103.8652396,,,
7,21.34706389,103.866291,,,
8,21.34452237,103.8676003,,,
9,21.34265842,103.8689232,,,
10,21.34066868,103.8701687,Phường Chiềng Cơi,TP Sơn La,
11,21.33842989,103.8716984,,,
12,21.33580428,103.8734968,,,
13,21.33439363,103.8755212,,,
14,21.33315089,103.8774089,,,
15,21.33403276,103.8803673,,,
16,21.33359747,103.8831568,,,
17,21.33337317,103.8843584,,,
18,21.33319329,103.888092,,,
19,21.31396414,103.9138412,,,
20,21.31559144,103.9126042,,,
21,21.31840814,103.9076716,,,
22,21.32171007,103.9044428,,,
23,21.32250963,103.9036059,,,
24,21.323639,103.9019966,,,
25,21.32540147,103.8992195,P Chiềng An,TP Sơn la,
26,21.32696272,103.8971346,,,
27,21.32851116,103.8950765,,,
28,21.32963549,103.8927269,,,
29,21.35986589,103.8558263,P Chiềng An,TP Sơn La,
30,21.36788137,103.8437744,Xã Chiềng Cọ,TP Sơn La,
31,21.3672185,103.8407476,,,
32,21.3667949,103.8380232,,,
33,21.36713754,103.8353691,,,
34,21.366979,103.8325548,,,
35,21.36718498,103.8306575,,,
36,21.36740773,103.8290405,,,
37,21.36737125,103.826574,Xã Chiềng Đen,TP Sơn La,
38,21.36710554,103.8230838,,,
39,21.36719831,103.8219646,,,
40,21.3675677,103.8191843,,,
41,21.37101707,103.7949926,,,
42,21.37114196,103.7937748,,,
43,21.37184134,103.788963,,,
44,21.3777031,103.7805519,,,
45,21.3780433,103.7797815,,,
46,21.42750847,103.7293535,,,
47,21.42617017,103.7253731,,,
48,21.42454374,103.7228831,,,
49,21.42423888,103.7201877,,,
50,21.42405877,103.7174199,,,
51,21.42378317,103.7149608,,,
52,21.4248845,103.7127423,,,
53,21.42618977,103.7105585,,,
54,21.42710898,103.7083948,,,
55,21.42791295,103.7067908,,,
56,21.42916135,103.7042856,,,
57,21.4034088,103.7657994,Xã Bom Phặng,Thuận Châu,
58,21.40631877,103.7650259,,,
59,21.4084992,103.7643592,,,
60,21.41111595,103.7637234,,,
61,21.41297213,103.7636087,,,
62,21.4155463,103.7636192,,,
63,21.4238928,103.7647106,Xã Bom Phặng,Thuận Châu,
64,21.425529,103.7645761,,,
65,21.42764256,103.7630494,,,
66,21.4288729,103.7621893,,,
67,21.43063195,103.7582463,,,
68,21.42923875,103.7418526,,,
69,21.42958331,103.744154,,,
70,21.42799035,103.73254,,,
71,21.42879932,103.7386662,,,
72,21.42839983,103.7357587,,,
73,21.43062196,103.7610573,Xã Chiềng Pấc,,
74,21.430703,103.7559896,,,
75,21.4307286,103.7528744,,,
76,21.43041473,103.7502801,,,
77,21.4300474,103.7474094,,,
78,21.4685106,103.6663927,,,
79,21.47119165,103.6654794,,,
80,21.47371722,103.6647069,,,
81,21.47678729,103.6643422,,,
82,21.47970755,103.6640793,,,
83,21.48239122,103.6638046,,,
84,21.48458949,103.6629886,,,
85,21.48652596,103.6621399,,,
86,21.48893219,103.6611074,Xã Tông Lạnh,,
87,21.49096373,103.6602813,,,
88,21.4941732,103.6599433,,,
89,21.49747744,103.6579263,,,
90,21.44259938,103.6812785,,,
91,21.432681,103.6970695,,,
92,21.43135666,103.6991582,,,
93,21.43082112,103.7004566,,,
94,21.45780918,103.6737084,,,
95,21.45993601,103.671965,,Thuận Châu,
96,21.4620029,103.6702698,,,
97,21.46413466,103.6685425,Xã Tông Lạnh,Thuận Châu,
98,21.46599181,103.6670887,,,
99,21.5088898,103.6515652,,,
100,21.50782936,103.6520705,,,
101,21.50520081,103.6529078,,,
102,21.50099122,103.6560059,,,
103,21.51519774,103.6442095,Xã Thôn Mòn,,
104,21.51885397,103.6411421,,,
105,21.52284212,103.6371921,,,
106,21.5242452,103.6352553,,,
107,21.5321909,103.612427,,,
108,21.5316367,103.6091256,,,
109,21.5309817,103.6046625,,,
110,21.53079156,103.6013392,,,
111,21.53277117,103.5989821,,,
112,21.5364526,103.5931097,,,
113,21.53788086,103.5902596,,,
114,21.5389761,103.5879463,,,
115,21.54012628,103.5854959,Thị Trấn Thuận Châu,,
116,21.52956005,103.6347896,,,
117,21.53496427,103.6339313,,,
118,21.53635645,103.6304069,,,
119,21.53704506,103.6286366,,,
120,21.53829252,103.6255091,,,
121,21.53802806,103.6228001,,,
122,21.53553312,103.620708,,,
123,21.55480294,103.5522044,,,
124,21.5530063,103.5578377,,,
125,21.55102103,103.5641348,,,
126,21.55012793,103.5670745,,,
127,21.54809722,103.5734528,Xã Phổng Lặng,,
128,21.54620119,103.5771704,,,
129,21.54392095,103.5807323,,Thuận Châu,
130,21.54257873,103.5829049,,,
131,21.57232419,103.5190576,Xã Phổng Lặng,Thuận Châu,
132,21.57018403,103.5234457,,,
133,21.56828167,103.5304267,,,
134,21.56773454,103.532474,,,
135,21.567086,103.5347861,,,
136,21.56689143,103.5354513,,,
137,21.56504554,103.5380208,,,
138,21.5624912,103.5415828,,,
139,21.56157957,103.542827,,,
140,21.56017628,103.5446781,Xã Chiềng Pha,,
141,21.55888909,103.5466146,,,
142,21.289327,103.9654411,,,
143,21.28803833,103.9632867,,,
144,21.28817725,103.9593315,,,
145,21.28848215,103.9540905,,,
146,21.28711759,103.946414,,,
147,21.28898333,103.9427433,,,
148,21.2949549,103.9429164,,,
149,21.29602974,103.94067,,,
150,21.29864,103.93579,,,
151,21.29888339,103.9307767,,,
152,21.2993757,103.923701,,,
153,21.2895007,103.9652527,,,
154,21.3022176,103.9218864,,,
155,21.3750499,103.7842716,,,
156,21.3795422,103.776827,,,
157,21.38110776,103.7758309,,,
158,21.3826917,103.7748179,,,
159,21.38478954,103.7740462,,,
160,21.3881824,103.7729919,,,
161,21.390709,103.7721511,Xã Phổng Lái,,
162,21.39739596,103.7709977,,,
163,21.3983936,103.7703848,,Thuận Châu,
164,21.3948941,103.7710565,,,
165,21.39427456,103.771078,Xã Phổng Lái,Thuận Châu,
166,21.3929241,103.7714427,,,
167,21.4212815,103.7648102,,,
168,21.4179334,103.7641086,,,
169,21.40095241,103.7683636,,,
170,21.40034308,103.7697852,,,
171,21.3635486,103.8545731,Xã Mường É,,
172,21.36459514,103.8519895,,,
173,21.3683976,103.8141282,,,
174,21.368919,103.810617,,,
175,21.3690448,103.8090001,,,
176,21.3657713,103.8490144,,,
177,21.36671892,103.8465985,,,
178,21.43294394,103.694973,,,
179,21.4332785,103.6918509,,,
180,21.43345327,103.6905473,,,
181,21.43488637,103.6885089,,,
182,21.43652919,103.6860681,,,
183,21.43747791,103.6846304,,,
184,21.43921557,103.6836702,Xã Phổng Lái,,
185,21.45846321,103.6744165,,,
186,21.45595691,103.6754948,,,
187,21.45575114,103.6753685,,,
188,21.45420448,103.6758327,,,
189,21.45291635,103.6761975,,,
190,21.45125875,103.6767071,,,
191,21.44906189,103.6779732,,,
192,21.44652548,103.6794752,,,
193,21.44413881,103.6808109,,,
194,21.5314212,103.6075959,,,
195,21.5335487,103.617532,,,
196,21.51675052,103.6427371,,,
197,21.52052763,103.6392957,,Thuận Châu,
198,21.52219648,103.6377094,,,
199,21.5110097,103.6484396,X. Phổng Lái,Thuận Châu,
Lộ Sơn La – Mộc Châu,,,,,
1,21.19355746,104.0939087,Xã Mường Bằng,,
2,21.12537167,104.171045,,,
3,21.12485714,104.1723633,,,
4,21.1289401,104.1689912,,,
5,21.12197167,104.1728633,,,
6,21.11540945,104.1751099,,,
7,21.11398073,104.1789213,,,
8,21.11163167,104.1820733,,,
9,21.11056527,104.1835213,,,
10,21.11028502,104.1847229,,,
11,21.08812886,104.2172098,,,
12,21.08646464,104.2210668,,,
13,21.08466025,104.2266083,,,
14,21.08287837,104.2298269,,,
15,21.12010424,104.1739423,,,
16,21.118407,104.1748475,Xã Mường Bon,,
17,21.1151867,104.1773939,,,
18,21.11280858,104.1804718,,,
19,21.10901008,104.1854981,,,
20,21.10789251,104.1870696,,,
21,21.103577,104.1919011,,,
22,21.08896889,104.215226,,,
23,21.08663482,104.2204446,,,
24,21.05316994,104.2871309,,,
25,21.05322128,104.2845916,,,
26,21.0533293,104.2823621,,,
27,21.05807104,104.2685364,,,
28,21.05798504,104.2641499,,,
29,21.0579842,104.2629497,,,
30,21.0522124,104.3075557,,,
31,21.05232773,104.3053279,,,
32,21.0523936,104.3042949,,,
33,21.05276325,104.3017423,Xã Mường Bon,,
34,21.05349668,104.2782086,,,
35,21.05588968,104.2739707,,,
36,21.05991464,104.2609406,,,
37,21.06208728,104.2587948,,,
38,21.05293097,104.2928749,,,
39,21.05278078,104.2947042,,,
40,21.05255549,104.2994946,,,
41,21.0923907,104.2070159,,,
42,21.09278859,104.2065775,,,
43,21.09539116,104.2012024,,,
44,21.0964761,104.199682,,,
45,21.0983666,104.1975469,Thị trấn Hát Lót,,
46,21.10107663,104.1946793,,,
47,21.10259806,104.193306,,,
48,21.090029,104.2122104,,,
49,21.0897018,104.2134133,,,
50,21.08231024,104.2399259,,,
51,21.0779701,104.2425341,Xã Hát Lót,,
52,21.07474699,104.2457592,,,
53,21.0731859,104.247428,,,
54,21.0706777,104.2499821,,,
55,21.07008419,104.2513275,,,
56,21.06784159,104.2547607,Thị trấn Hát Lót,,
57,21.0520496,104.3110633,,,
58,21.0519678,104.3125079,,,
59,21.05206236,104.3141556,,,
60,21.0517742,104.3171372,,,
61,21.05168188,104.3212366,,,
62,21.10675444,104.1885194,,,
63,21.05810157,104.2702627,,,
64,21.08210333,104.2334033,,,
65,21.21365,104.0734496,,,
66,21.21774193,104.0652954,,,
67,21.2169545,104.0691726,Thị trấn Hát Lót,,
68,21.2178815,104.0680102,,,
69,21.2188732,104.0666367,,,
70,21.2203646,104.0657296,Xã Cò Nòi,,
71,21.2216597,104.0642472,,,
72,21.2231111,104.0631273,,,
73,21.224131,104.0623468,,,
74,21.225908,104.0609427,,,
75,21.2270444,104.0600646,,,
76,21.2284131,104.0589764,,,
77,21.22956203,104.0581226,,,
78,21.23415981,104.0544856,,,
79,21.23464733,104.0530372,,,
80,21.23546562,104.0505867,,,
81,21.23601488,104.0488744,,,
82,21.23654739,104.0472865,,,
83,21.23714741,104.0454197,,,
84,21.23771992,104.0437567,,,
85,21.23826493,104.0421474,,,
86,21.23881993,104.0404147,,,
87,21.2397351,104.0376848,,,
88,21.24093244,104.034133,,,
89,21.2309622,104.0569499,,,
90,21.2325136,104.0558033,,,
91,21.19288224,104.0955019,,,
92,21.19446774,104.0916395,,,
93,21.19542304,104.0907544,,,
94,21.19884905,104.0876752,,,
95,21.20088961,104.0858191,,,
96,21.20153667,104.0852367,,,
97,21.20217788,104.0846574,,,
98,21.20373035,104.0832174,,,
99,21.20670606,104.0805405,,,
100,21.20779,104.0794783,,,
101,21.20977673,104.0777189,Xã Cò Nòi,,
102,21.21233224,104.0753585,,,
103,21.19391538,104.1000999,,,
104,21.1873945,104.1086629,,,
105,21.1884689,104.1060182,,,
106,21.1894532,104.1036028,,,
107,21.1904815,104.1011944,,,
108,21.0637391,104.2569997,,,
109,21.157395,104.1442968,,,
110,21.1563422,104.1451594,,,
111,21.1548673,104.1464631,,,
112,21.1535039,104.1475481,,,
113,21.1520823,104.1488586,,,
114,21.3981542,104.3355174,,,
115,21.1492336,104.15129,,,
116,21.1477467,104.1525657,,,
117,21.1464207,104.1536131,,,
118,21.1451471,104.154751,,,
119,21.1837147,104.1158596,,,
120,21.1849169,104.11448,,,
121,21.1826061,104.1171799,,,
122,21.1815127,104.1184544,,,
123,21.1804273,104.1197258,,,
124,21.1793935,104.1208664,Xã Chiềng Sàng,,
125,21.1781558,104.1223206,,,
126,21.1770612,104.1237092,,,
127,21.17648103,104.1244859,,,
128,21.1754384,104.1258918,,,
129,21.1744624,104.1271203,,,
130,21.1732777,104.1286838,,,
131,21.13294574,104.1654968,,,
132,21.13438178,104.1641986,,,
133,21.13577277,104.1629755,,,
134,21.13700364,104.1618919,,,
135,21.138195,104.160845,Xã Chiềng Sàng,,
136,21.13936027,104.1597944,,,
137,21.14080116,104.1585184,Xã Chiềng Pằn,,
138,21.14219219,104.1573054,,,
139,21.14354808,104.1560823,,,
140,21.1589395,104.142945,,,
141,21.16030313,104.1417593,,,
142,21.16169812,104.1405566,,,
143,21.1631451,104.1393369,,,
144,21.16438029,104.1382724,,,
145,21.1659445,104.1369265,,,
146,21.16728176,104.1357726,,,
147,21.17672864,104.128418,,,
148,21.1698812,104.1330757,Xã Viềng Lán,,
149,21.17108359,104.1315508,,,
150,21.17260704,104.1299539,,,
151,21.1183721,104.1748625,,,
152,21.1201212,104.1739141,,,
153,21.1221206,104.1728726,,,
154,21.12976152,104.1656933,,,
155,21.1252835,104.1710469,Thị trấn Yên Châu,,
156,21.1290328,104.1689932,,,
157,21.0516575,104.321268,,,
158,21.05051889,104.3237011,Xã Sập Vạt,,
159,21.0488248,104.3277784,,,
160,21.04802013,104.3298564,,,
161,21.04733127,104.3315578,,,
162,21.0465194,104.3335973,,,
163,21.04570707,104.3354402,,,
164,21.04541376,104.3371582,,,
165,21.03067363,104.364624,,,
166,21.04221833,104.3436983,,,
167,21.04117323,104.3464825,,,
168,21.0406051,104.3478918,,,
169,21.03771811,104.3519799,Xã Sập Vạt,,
170,21.0372167,104.3526478,,,
171,21.03493662,104.3567615,,,
172,21.0332928,104.3595731,,,
173,21.0316583,104.3633915,,,
174,21.02924055,104.3680723,,,
175,21.0277138,104.3695259,,,
176,21.02554891,104.371483,,,
177,21.02491557,104.3730134,Xã Chiềng Hặc,,
178,21.0228462,104.3779578,,,
179,21.02151341,104.381449,,,
180,21.0199466,104.3849496,,,
181,21.01844668,104.3890764,,,
182,21.0153244,104.3907905,,,
183,21.01046547,104.3933856,,,
184,21.00793764,104.3948131,,,
185,21.00574681,104.3959878,,,
186,21.0029507,104.3993798,,,
187,20.9933132,104.4103663,,,
188,20.99689951,104.4069171,,,
189,20.99847209,104.4050503,,,
190,20.9890845,104.4113658,,,
191,20.9838239,104.4124724,,,
192,20.9796452,104.4134027,,,
193,20.97596369,104.4141108,,,
194,20.9769745,104.4139252,,,
195,20.9748583,104.4152859,Xã Tú Nang,,
196,20.97205783,104.4180091,,,
197,20.96913764,104.4208643,,,
198,20.9689367,104.4205948,,,
199,20.9529111,104.4224341,,,
200,20.955649,104.4216673,,,
201,20.95701298,104.4212152,,,
202,20.9471437,104.4172893,,,
203,20.94776766,104.4164147,Xã Tú Nang,,
204,20.94921866,104.4191372,,,
205,20.96341238,104.4200631,,,
206,20.96171728,104.4198885,,,
207,20.96910766,104.4209235,,,
208,20.96893819,104.4206791,,,
209,20.95290396,104.4224286,,,
210,20.9557787,104.4216258,,,
211,20.95702404,104.421243,,,
212,20.94734393,104.4170874,,,
213,20.9477263,104.4163902,,,
214,20.94919361,104.4190997,,,
215,20.963333,104.4201052,,,
216,20.96176503,104.4200076,,,
217,20.84513542,104.6590231,,,
218,20.8437391,104.6557211,,,
219,20.84245652,104.6524841,,,
220,20.84136785,104.6498694,,,
221,20.83694427,104.6433376,,,
222,20.83622189,104.6415573,,,
223,20.836883,104.640206,,,
224,20.8385845,104.6368263,,,
225,20.8396295,104.6359745,,,
226,20.84404644,104.6313619,,,
227,20.8425584,104.6335643,,,
228,20.84559569,104.629013,,,
229,20.8455324,104.6273779,,,
230,20.8446293,104.6808285,,,
231,20.845168,104.6793042,,,
232,20.84602895,104.6775626,,,
233,20.8461199,104.6754874,,,
234,20.84622152,104.6736574,,,
235,20.84649474,104.6708143,,,
236,20.84680306,104.6686417,,,
237,20.84682562,104.6665335,Xã Tú Nang,,
238,20.84714396,104.6636528,,,
239,20.8465549,104.6623921,,,
240,20.84525647,104.624455,,,
241,20.86731583,104.5876658,,,
242,20.84531913,104.6213758,Xã Chiềng Hắc,Mộc Châu,
243,20.84633181,104.6191764,,,
244,20.84682311,104.6162367,,,
245,20.8468582,104.6154481,,,
246,20.84918182,104.6136081,,,
247,20.853463,104.6100354,,,
248,20.85434529,104.6084905,,,
249,20.85564866,104.6060121,,,
250,20.85932613,104.5993751,,,
251,20.8608022,104.5966034,,,
252,20.86277237,104.5938463,,,
253,20.8641418,104.592045,,,
254,20.86828503,104.5863487,,,
255,20.87358038,104.587291,,,
256,20.8755161,104.5880166,,,
257,20.85767004,104.6024062,,,
258,20.85652701,104.6045187,,,
259,20.892372,104.563655,,,
260,20.8929245,104.5582055,,,
261,20.892156,104.5516585,,,
262,20.89709413,104.5360324,,,
263,20.89804703,104.5334574,,,
264,20.89844268,104.5314791,,,
265,20.89881713,104.5304281,,,
266,20.8884975,104.5694464,,,
267,20.8890623,104.5686063,,,
268,20.8906309,104.5663251,,,
269,20.89259209,104.5504979,,Mộc Châu,
270,20.89971556,104.527617,,,
271,20.9004351,104.5254251,Xã Chiềng Hắc,Mộc Châu,
272,20.9014812,104.5212596,,,
273,20.9023521,104.5179095,,,
274,20.90321145,104.5148706,,,
275,20.90363132,104.5131796,,,
276,20.90413609,104.5110308,,,
277,20.90484517,104.5087191,,,
278,20.90524194,104.5070707,,,
279,20.90649251,104.5024775,,,
280,20.90811093,104.5003572,,,
281,20.90929695,104.498796,,,
282,20.91211136,104.4954515,,,
283,20.9148173,104.4919807,Mường Sang,,
284,20.91584455,104.4907308,,,
285,20.91812957,104.487853,Thị Trấn Mộc Châu,,
286,20.92078525,104.4845188,,,
287,20.8779546,104.5879018,,,
288,20.8820044,104.5827413,,,
289,20.88303688,104.5814431,,,
290,20.88460063,104.5794582,,,
291,20.88643249,104.5769316,,,
292,20.88664801,104.5762932,,,
293,20.8876033,104.572919,,,
294,20.8877932,104.572056,,,
295,20.88787091,104.5716906,,,
296,20.9229888,104.4818152,Xã Mường Sang,,
297,20.9234998,104.4811493,,,
298,20.9250767,104.4795944,,,
299,20.92642476,104.4783497,,,
300,20.9281518,104.4766107,,,
301,20.92931083,104.4754207,,,
302,20.9319036,104.4729322,,,
303,20.93395047,104.4706571,Xã Đông Sang,,
304,20.93804886,104.4663334,,,
305,20.94349985,104.4637477,,,
306,20.93989761,104.4654536,Thị trấn Mộc Châu,,
307,20.94889553,104.4537807,,,
308,20.9466461,104.4566882,Xã Đông Sang,,
309,20.9527906,104.4499414,,,
310,20.96681461,104.424684,,,
311,20.9641096,104.4302952,Xã Phiêng Luông,,
312,20.96291738,104.4324732,,,
313,20.95250757,104.4502723,,,
314,20.95466607,104.4478471,,,
315,20.95655304,104.4443152,,,
316,20.95863682,104.4404769,,,
317,20.96056599,104.4368083,,,
318,20.96098061,104.4360022,,,
319,20.96156103,104.4349078,,,
320,20.8380547,104.6460789,,,
321,20.84296956,104.6845239,,,
322,20.9654975,104.427704,,,
323,20.94460137,104.4590138,,,
324,20.89297792,104.5482695,,,
325,20.89390508,104.5441604,,,
326,20.8949426,104.5411746,,,
327,20.89649107,104.5383453,,,
Lộ Mai Châu – Mộc Châu,,,,,
1,20.7912432,104.8060586,Xã Phiêng Luông,,
2,20.75733282,104.9064249,,,
3,20.76638681,104.8974609,,,
4,20.7599145,104.904608,,,
5,20.7616869,104.9034222,,,
6,20.7628567,104.9026008,,,
7,20.7650601,104.9010712,,,
8,20.76675047,104.8998213,,,
9,20.7677225,104.8979537,,,
10,20.7691617,104.8951468,,,
11,20.769532,104.8941508,Xã Phiêng Luông,Mộc Châu,
12,20.79976904,104.8754883,,,
13,20.7711331,104.891527,,,
14,20.77128226,104.8914528,,,
15,20.77007848,104.8881912,,,
16,20.7697412,104.8873122,,,
17,20.7691486,104.8856991,,,
18,20.76948498,104.8832803,,,
19,20.769409,104.8826407,,,
20,20.7690398,104.8805642,,,
21,20.7694266,104.8793475,,,
22,20.7701364,104.8768514,,,
23,20.7707832,104.8746997,,,
24,20.7711932,104.8733022,,,
25,20.77168352,104.8713684,,,
26,20.77248604,104.8679352,,,
27,20.7729592,104.8671119,,,
28,20.77334282,104.8650215,,,
29,20.7736279,104.863987,,,
30,20.7743744,104.8619569,,,
31,20.7751223,104.8599171,,Mộc Châu,
32,20.77588166,104.8578834,,,
33,20.77655122,104.8559955,Huyện Vân Hồ,Vân Hồ,
34,20.77711547,104.8543414,,,
35,20.77786616,104.8523435,,,
36,22.198469,104.0591955,,,
37,20.77890601,104.8487091,,,
38,20.7788273,104.8469277,,,
39,20.77890601,104.8452759,,,
40,20.7793875,104.842186,,,
41,20.7793721,104.8408943,,,
42,20.7795453,104.8385123,,Vân Hồ,
43,20.7796828,104.8371503,,,
44,20.78115294,104.8342896,,Vân Hồ,
45,20.78137,104.8336152,Xã Lóng Luông,,
46,20.78244086,104.8325445,,,
47,20.78439352,104.8324044,,,
48,20.78600817,104.833961,,,
49,20.7885047,104.8351485,,,
50,20.7904376,104.8362204,,,
51,20.79301884,104.8346963,,,
52,20.7928334,104.8319247,,,
53,20.79266476,104.8295582,,,
54,20.7925131,104.828023,,,
55,20.7924315,104.8256354,,,
56,20.79214885,104.822107,,,
57,20.7919475,104.8171401,,,
58,20.79214797,104.8115164,,,
59,20.79263503,104.8015841,,,
60,20.793849,104.7976598,,,
61,20.7941162,104.7951576,,,
62,20.7943009,104.7930905,,,
63,20.79559917,104.7880429,,,
64,20.7968788,104.783185,,,
65,20.7972215,104.7818299,,,
66,20.7977891,104.7796383,,,
67,20.7983753,104.7773627,,,
68,20.79826075,104.7713226,,,
69,20.7996365,104.7730573,,,
70,20.79980747,104.7720168,,,
71,20.8000012,104.7712134,,,
72,20.8002329,104.7701526,,,
73,20.80074228,104.7681768,,,
74,20.80145651,104.7661775,,,
75,20.80206725,104.7644245,,,
76,20.8030773,104.761601,,Vân Hồ,
77,20.80463081,104.7572029,,,
78,20.80505204,104.7560334,,Vân Hồ,
79,20.80562872,104.7544026,Xã Lóng Luông,,
80,20.80764458,104.748888,,,
81,20.80914893,104.7467208,,,
82,20.811555,104.74357,,,
83,20.81243667,104.7422133,,,
84,20.8139829,104.7402511,,,
85,20.8151146,104.7387122,,,
86,20.8166964,104.7366066,,,
87,20.8166996,104.7366278,,,
88,20.84242227,104.7480986,,,
89,20.81825571,104.7345162,,,
90,20.82006759,104.7323227,,,
91,20.82052592,104.7303772,,,
92,20.8213819,104.7303,,,
93,20.82251447,104.7287178,,,
94,20.82343705,104.7276878,,,
95,20.82672621,104.7244263,,,
96,20.82728776,104.7227097,,,
97,20.8273809,104.7222091,,,
98,20.8282391,104.7209896,,,
99,20.82907019,104.7180158,,,
100,20.83004287,104.7144753,,,
101,20.83017323,104.7138906,,,
102,20.83081499,104.7125602,,,
103,20.83138155,104.7113854,,,
104,20.83248457,104.7090518,,,
105,20.83313635,104.7079092,,,
106,20.83356502,104.7067451,,,
107,20.83439478,104.70505,,,
108,20.83516187,104.7036123,,,
109,20.83623478,104.7014129,,,
110,20.83713221,104.6996212,,Vân Hồ,
111,20.83810985,104.6975291,,,
112,20.83919778,104.6954048,,Vân Hồ,
113,20.8404089,104.6928069,Xã Lóng Luông,,
114,20.84179475,104.6898258,,,
115,20.84197307,104.6889262,,,
116,20.84256932,104.6853733,,,
117,21.99828604,104.0594101,,,
118,20.7529083,104.917749,,,
119,20.75314422,104.9168158,,,
120,20.75418762,104.9153137,,,
121,20.75739803,104.9139404,,,
122,20.75559218,104.9119878,,,
123,20.75601857,104.9099976,,,
124,20.7565351,104.908667,,Vân Hồ,
125,20.75702683,104.9076855,,,
Lộ Sơn La – Mường Hung – Sông Mã,,,,,
1,21.06607953,103.8527298,Xã Mường Bằng,Mai Sơn,
2,21.06614548,103.8512309,,,
3,21.06808187,103.8431168,,,
4,21.06765813,103.8451504,,,
5,21.06696097,103.8479878,,,
6,21.06856243,103.8407135,Xã Mường Bon,,
7,21.06966801,103.8379045,,,
8,21.06700941,103.8234834,,,
9,21.06559808,103.8185816,,Mai Sơn,
10,21.07002332,103.8332009,,,
11,21.07036451,103.829813,Phường Chiềng Sinh,TP Sơn La,
12,21.06909287,103.8273084,,,
13,20.97884379,103.8167292,,,
14,21.0750504,103.9354376,,,
15,21.07480943,103.9312197,,,
16,21.07415816,103.9299073,,,
17,21.07251697,103.9283895,,,
18,21.06801235,103.924365,Xã Chiềng Mung,TP Sơn La,
19,21.06636496,103.9224075,,,
20,21.06159418,103.9131546,Xã Chiềng Mung,Mai Sơn,
21,21.05871182,103.9087999,,,
22,21.05370444,103.9047432,,,
23,21.05276475,103.8957995,,,
24,21.05340406,103.901782,,,
25,21.01531505,103.8014659,,,
26,21.01363206,103.8000126,,,
27,21.01192592,103.8005447,,,
28,21.0091068,103.7996521,,,
29,21.00567616,103.798443,,,
30,20.99927473,103.7990955,,,
31,21.00727869,103.7988281,,,
32,20.99574011,103.7995148,,,
33,20.99370233,103.7999433,,,
34,20.99209773,103.7990417,Xã Chiềng Mai,,
35,20.98723326,103.8009772,,,
36,20.98458838,103.8014428,,,
37,20.98094661,103.8048643,,,
38,20.97891141,103.8080978,Xã Chiềng Ban,,
39,20.97784246,103.8096682,,,
40,20.97668715,103.8114903,Xã Chiềng Mai,,
41,20.97781675,103.8140741,,,
42,21.03220579,103.7417668,,,
43,21.03343251,103.7442559,Xã Chiềng Dong,,
44,21.03598104,103.7468576,,,
45,21.04021683,103.7556767,,,
46,21.04062738,103.7567014,,,
47,21.04142345,103.7586325,Xã Chiềng Kheo,,
48,21.04412205,103.765204,,,
49,21.04898342,103.7779659,,,
50,21.0468156,103.774538,,,
51,21.04569413,103.7708259,,,
52,21.0325012,103.7339669,,Mai Sơn,
53,21.03248118,103.7331242,,,
54,21.03362778,103.7312096,Xã Chiềng Kheo,Mai Sơn,
55,21.03572069,103.7276262,,,
56,21.03648173,103.7263387,,,
57,21.03727783,103.7248904,,,
58,21.03968611,103.7203091,,,
59,21.03972116,103.7171012,,,
60,21.03974619,103.7147945,,,
61,21.03977623,103.7138879,,,
62,21.0401235,103.7106748,,,
63,21.04058733,103.7068605,Xã Nà Ớt,,
64,21.03837933,103.7048274,,,
65,21.03537639,103.7049368,,,
66,21.03443891,103.7042803,,,
67,21.03109422,103.6959869,,,
68,21.03173513,103.6935461,,,
69,21.03205558,103.692044,,,
70,21.02851055,103.6837077,,,
71,21.02773945,103.6822057,,,
72,21.02612713,103.6775708,,,
73,21.03974619,103.7525225,,,
74,21.03949085,103.750307,,,
75,21.02243302,103.6715792,,,
76,21.02203115,103.6704522,,,
77,20.99565997,103.6462641,,,
78,21.0027531,103.6465247,,,
79,20.9975631,103.6459529,,,
80,21.00170308,103.6518764,,,
81,21.00250449,103.6525201,,,
82,21.00354277,103.6532325,,,
83,21.01069315,103.658176,,,
84,21.0150507,103.6630869,,,
85,21.01632764,103.6647767,,,
86,21.25642159,104.0631866,,Mai Sơn,
87,21.25674156,104.0611267,,,
88,21.25469669,104.052887,Xã Nà Ớt,Mai Sơn,
89,21.25185907,104.0502421,,,
90,21.24841325,104.0466438,,,
91,21.24394241,104.0460205,,,
92,21.24298243,104.0453339,,,
93,21.24106244,104.041214,,,
94,21.24266243,104.0391541,,,
95,21.242416,104.0359062,,,
96,21.2428466,104.0343855,,,
97,21.2432997,104.0332351,,,
98,21.2435282,104.0325212,,,
99,21.2438009,104.0317444,Xã Phiêng Cằm,,
100,21.2444015,104.0288198,,,
101,21.24526487,104.0246379,,,
102,21.24614984,104.0217412,,,
103,21.24696481,104.0190107,,,
104,21.24798476,104.0153629,,,
105,21.24930469,104.011066,,,
106,21.25018963,104.0090168,,,
107,21.24725979,104.0048593,,,
108,21.2471248,104.0018982,,,
109,21.24516464,103.9981298,,,
110,21.24464489,103.9973974,,,
111,21.2440749,103.9972579,,,
112,21.24150494,103.9886749,,,
113,21.24200994,103.9898819,,,
114,21.23835493,103.9855421,,,
115,21.23721991,103.9845175,,,
116,21.23541486,103.9826131,,,
117,21.23329977,103.9802474,,,
118,21.23139966,103.9782947,,,
119,21.22838944,103.973676,,,
120,21.22621425,103.9697438,,Mai Sơn,
121,21.22429405,103.9656025,,,
122,21.21906723,103.960977,Xã Chiềng Khoong,Sông Mã,
123,21.20082831,103.9725212,,,
124,21.20329774,103.9691162,,,
125,21.20445803,103.9661121,,,
126,21.20657853,103.9625931,,,
127,21.21145957,103.9605331,,,
128,21.21450014,103.9595032,,,
129,21.11694824,104.0037221,,,
130,21.12533501,104.0022522,,,
131,21.12164709,104.002912,,,
132,21.13026877,104.0026224,,,
133,21.13817946,103.9960134,,,
134,21.14446368,103.9916253,,,
135,21.15007722,103.9877951,,,
136,21.15489509,103.9856976,,,
137,21.16033815,103.9833856,,,
138,21.19815885,103.9778388,,,
139,21.19469782,103.9791101,,,
140,21.1903514,103.9807677,,,
141,21.1883748,103.9814035,,,
142,21.18708525,103.9819157,,,
143,21.18391907,103.9831173,,,
144,21.17981744,103.9845443,,,
145,21.18197331,103.9838523,,,
146,21.17457519,103.9847535,,,
147,21.1734847,103.9847857,,,
148,21.17672864,103.9746094,,,
149,21.16969491,103.9846991,,,
150,21.16317966,103.9845604,,,
151,21.08124412,104.0068871,,,
152,21.0742214,104.0062433,,,
153,21.07237932,104.0062165,,,
154,21.06866005,104.0042746,,Sông Mã,
155,21.06270802,104.0007341,,,
156,21.06063051,103.9982074,Xã Huổi Một,Sông Mã,
157,21.06003479,103.9906597,,,
158,21.06236261,103.985188,,,
159,21.06450517,103.9697117,,,
160,21.06633233,103.964417,,,
161,21.06717331,103.9622551,,,
162,21.06829462,103.9589721,,,
163,21.06953333,103.9552467,,,
164,21.06987145,103.9541978,,,
165,21.07133813,103.9502174,,,
166,21.07208398,103.9473635,,,
167,21.07503731,103.9393973,,,
168,21.06591684,103.9769268,,,
169,21.10741706,104.0060823,,,
170,21.10448695,104.0053397,,,
171,21.10131686,104.0058517,,,
172,21.10043602,104.0060234,,,
173,21.09795365,104.0061951,,,
174,21.09282863,104.0061951,,,
175,21.09427006,104.0065384,,,
176,21.08610176,104.0068817,,,
177,21.05544663,103.8908815,,,
178,21.05488593,103.8883924,,,
179,21.05458555,103.8866329,,,
180,21.05592723,103.884058,,,
181,21.056548,103.8831139,,,
182,21.05823008,103.8812256,,,
183,21.06023253,103.8772774,,,
184,21.05967185,103.8726425,,,
185,21.06127379,103.868866,,,
186,21.06287572,103.8637161,,,
187,21.06335396,103.8617852,,,
188,21.06543877,103.8551331,,Sông Mã,
189,21.06487811,103.8575363,,,
190,21.05812245,103.807025,Xã Huổi Một,Sông Mã,
191,21.058045,103.8067317,,,
192,21.05775199,103.8047343,,,
193,21.05758679,103.8034898,,,
194,21.05718333,103.8004217,,,
195,21.05686589,103.7978357,,,
196,21.05610495,103.7921762,,,
197,21.0551838,103.790068,,,
198,21.05392722,103.7867743,,,
199,21.05324136,103.7851864,,,
200,21.05257051,103.783738,,,
201,21.03127197,103.7396586,,Sông Mã,
202,21.0615865,103.8125596,,,
